1,0508602343,786,,4,fcsdfds
2,9746563367,143,,1,
3,0508602343,786,,2,helloooo
4,0508602343,786,,3,
5,0508602343,786,,4,
6,0508602343,786,,1,"fsdfsd vsddfffsd sfsd ds dsfsdf dsgds g dfsgdfs gfdsgfdsg gsdf g                                                                                                                                    fsdfsd vsddfffsd sfsd ds dsfsdf dsgds g dfsgdfs gfdsgfdsg gsdf g                                                                                                                                    fsdfsd vsddfffsd sfsd ds dsfsdf dsgds g dfsgdfs gfdsgfdsg gsdf g                                                                                                                                    fsdfsd vsddfffsd sfsd ds dsfsdf dsgds g dfsgdfs gfdsgfdsg gsdf g                                                                                                                                    fsdfsd vsddfffsd sfsd ds dsfsdf dsgds g dfsgdfs gfdsgfdsg gsdf g                                                                                                                                    fsdfsd vsddfffsd sfsd ds dsfsdf dsgds g dfsgdfs gfdsgfdsg gsdf g                                                                                                                                    fsdfsd vsddfffsd sfsd ds dsfsdf dsgds g dfsgdfs gfdsgfdsg gsdf g                                                                                                                                    fsdfsd vsddfffsd sfsd ds dsfsdf dsgds g dfsgdfs gfdsgfdsg gsdf g"
7,0508602343,786,,3,
8,0508602343,786,,2,
9,0508602343,786,,4,
10,0508602343,786,,4,
111,0508602343,786,,1,
112,9746563367,143,,1,
113,0508602343,786,,1,
114,0508602343,786,,2,
115,0508602343,786,,2,
116,0508602343,786,,2,
117,0508602343,786,,3,
118,0508602343,786,,4,
119,0508602343,786,,4,
110,0508602343,786,,4,
